Nom,Emoji,Ingrédients
"Tofu, pâtes et légumes",🍝,"Tofu, Pâtes, Courgette, Poivrons"
Œuf sauce tomate,🍳,"Sauce tomate, Œuf, Courgette, Poivron"
Riz au soja,🍚,"Riz, Carotte, Émincé de soja, Poivron"
Patate douce et steak,🍠,"Patate douce, Roquette, Tomate, Steak haché"
Pinsa jambon,🍕,"Pinsa, Sauce tomate, Jambon, Poivron, Courgette, Mozzarella"
Poulet aubergine,🍗,"Patate, Aubergine, Poulet, Poivron"
Poisson pané,🐟,"Poisson pané, Carotte, Riz"
Gnocchi poulet,🥟,"Gnocchi, Poulet, Poivron, Courgette"
Gnocchi steak haché,🥟,"Gnocchi, Steak haché, Poivron, Épinards"
Gnocchi tomates séchées,🥟,"Gnocchi, Tomate séchée, Épinards / Courgette, Poulet"
Brocoli sardine,🥦,"Brocoli, Sardine / Carré frais, Patate"
Salade pois chiche betterave,🥗,"Pois chiche, Betterave, Tomate"
Feuilleté jambon fromage,🥐,"Feuilleté jambon fromage, Salade"
Pignons de poulet ratatouille,🍗,"Pignons de poulet, Ratatouille"
Perles de blé sardine,🐟,"Perles de blé, Carotte, Haricots verts, Sardine"
Nouilles poisson crevette,🍜,"Nouilles, Carotte, Poisson, Crevette"
Curry de pois chiche,🍛,"Curry de pois chiche, Épinards"
Toasts avocat & sardine,🥑,"Toast avocat, Toast sardine / Carré frais"
Burger tenders végé,🍔,"Burger, Tenders végé, Salade, Tomate, Oignon, Potatoes"
Pâtes fêta pois chiche,🍝,"Pâtes, Tomate séchée, Pois chiche, Épinards, Fêta"
Chili con carne / sin carne,🌶️,Chili con carne / sin carne
Pâtes sardine tomate,🍝,"Pâtes, Sardine, Sauce tomate, Tomate, Carotte"
Orzo chorizo,🍲,"Orzo, Courgette, Chorizo"
Nouilles crevette,🍜,"Nouilles, Crevette, Poivrons, Carottes"
Lentilles tomate,🥘,"Lentilles, Carotte, Épinards, Sauce tomate, Pois chiches / Poulet"
Pâtes pesto,🌿,"Pâtes, Pesto, Carré frais, Courgette, Tomate, Poulet / Émincé de soja"
Lasagne soup,🍲,Lasagne soup
Soupe & toasts sardine,🍞,"Soupe / Toast, Sardine, Carré frais"
Crêpe salée,🥞,"Crêpe salée, Jambon, Œuf, Épinards"
Lentilles corail coco,🥥,"Lentilles corail, Lait de coco, Poulet / Émincé de soja, Courgette / Épinards"
Lentilles butternut,🎃,"Lentilles, Butternut, Épinards, Poulet"
Lentilles tomates séchées,🥘,"Lentilles, Tomate séchée, Courgette, Fêta"
Ravioli fêta,🥟,"Ravioli, Tomate, Courgette / Épinards, Fêta"
Saucisse purée,🌭,"Saucisse, Purée, Carotte, Patate"
Boulgour sardine,🐟,"Boulgour, Brocoli, Poivron, Sardine"
Galettes de légumes,🥬,"Galette de courgette / brocoli, Roquette"
Pâtes saumon brocoli,🍝,"Pâtes, Brocoli, Saumon"
Boulettes du jour,🧆,"Boulettes de viande / végétales, Pâtes / Riz / Patate, Brocoli / Haricots verts"
Poêlée de légumes,🍆,"Poêlée de légumes (courgette, poivron, aubergine), Toast"
Pâtes douces brocoli,🥦,"Pâtes douces, Brocoli, Poulet / Émincé de soja / Tofu"
